{
  "n_def": 23,
  "n_good": 156,
  "variants": {
    "baseline": {
      "e2e_auroc": 0.9526198439241917,
      "gt_auroc": 0.9754738015607581,
      "recall": 20,
      "fp": 16
    },
    "+roll": {
      "e2e_auroc": 0.9829988851727982,
      "gt_auroc": 0.979654403567447,
      "recall": 21,
      "fp": 6
    },
    "+sealjit": {
      "e2e_auroc": 0.9749163879598662,
      "gt_auroc": 0.9835562987736901,
      "recall": 23,
      "fp": 6
    },
    "+both": {
      "e2e_auroc": 0.9763099219620959,
      "gt_auroc": 0.9760312151616499,
      "recall": 22,
      "fp": 8
    }
  }
}