{
  "prod2": {
    "dice": 0.9540458398042491,
    "biou": 0.6737412580217992,
    "hd95": 3.0,
    "assd": 1.1543249149719115
  },
  "overall": {
    "dice": 0.9670984075020369,
    "biou": 0.7460974075311855,
    "hd95": 2.269672331458316,
    "assd": 0.8653534399714918
  },
  "n_overall": 12
}