{
  "ImageNet": {
    "e2e_auroc": 0.967670011148272,
    "recall": 21,
    "n_def": 23,
    "fp": 8,
    "n_good": 156,
    "seal_fail": 0
  },
  "desde cero": {
    "e2e_auroc": 0.8913043478260869,
    "recall": 20,
    "n_def": 23,
    "fp": 16,
    "n_good": 156,
    "seal_fail": 26
  }
}