{
  "n_def": 23,
  "n_good": 156,
  "variants": {
    "baseline": {
      "e2e_auroc": 0.9687848383500557,
      "gt_auroc": 0.9754738015607581,
      "recall": 22,
      "fp": 9
    },
    "+roll": {
      "e2e_auroc": 0.967391304347826,
      "gt_auroc": 0.979654403567447,
      "recall": 22,
      "fp": 13
    },
    "+sealjit": {
      "e2e_auroc": 0.9818840579710145,
      "gt_auroc": 0.9835562987736901,
      "recall": 23,
      "fp": 5
    },
    "+both": {
      "e2e_auroc": 0.9659977703455964,
      "gt_auroc": 0.9760312151616499,
      "recall": 23,
      "fp": 15
    }
  }
}