{
  "auroc": 0.7037346711259754,
  "best_f1": 0.36956521700827033,
  "precision": 0.2463768115906322,
  "recall": 0.7391304347504726,
  "threshold": 0.5460731387138367,
  "n_def": 23,
  "n_good": 156
}