{
  "e2e_auroc_resnet": 0.967948717948718,
  "e2e_auroc_tiny": 0.9690635451505016,
  "gt_auroc_resnet": 0.9777034559643255,
  "gt_auroc_tiny": 0.9724080267558528,
  "n_def": 23,
  "n_good": 156,
  "threshold_sweep": {
    "0.5": {
      "tp": 21,
      "fp": 8
    },
    "0.7": {
      "tp": 21,
      "fp": 6
    },
    "0.85": {
      "tp": 17,
      "fp": 5
    },
    "0.9": {
      "tp": 15,
      "fp": 4
    },
    "0.95": {
      "tp": 14,
      "fp": 2
    }
  }
}