{
  "auroc": 0.9690635451505016,
  "n_def": 23,
  "n_good": 156,
  "min_defect_score": 0.5032657384872437,
  "operating_points": {
    "0.3": {
      "recall": 23,
      "fp": 11
    },
    "0.5": {
      "recall": 23,
      "fp": 10
    },
    "0.7": {
      "recall": 20,
      "fp": 8
    }
  }
}