{
  "per_product": {
    "prod2": 0.9498179852962494,
    "prod1": 0.9707845151424408,
    "prod3": 0.9688003361225128,
    "prod4": 0.9746492505073547,
    "prod5": 0.9717254936695099,
    "prod6": 0.9687792062759399
  },
  "global": 0.9674261311690012,
  "checkpoint_val_dice": 0.9671792189280192
}