{
  "best_f1_threshold": 0.7,
  "best_f1": 0.8800000000000001,
  "zero_miss_threshold": 1.6548930943827145e-05,
  "zero_miss_fp": 26,
  "n_def": 23,
  "n_good": 156,
  "lowest_defect_scores": [
    1.6548930943827145e-05,
    0.7423413395881653,
    0.8196995854377747
  ]
}