{
  "metric_keys": [
    "dice",
    "biou",
    "hd95",
    "assd"
  ],
  "zero_shot": {
    "prod1": {
      "dice": 0.960361468667651,
      "biou": 0.7022306747808582,
      "hd95": 3.139721907824876,
      "assd": 1.0717972643776437
    },
    "prod2": {
      "dice": 0.934120939019036,
      "biou": 0.6098568714940873,
      "hd95": 5.0720958758173245,
      "assd": 1.7514116557098691
    },
    "prod3": {
      "dice": 0.9623785585888368,
      "biou": 0.7297247234145351,
      "hd95": 2.7261948151328115,
      "assd": 0.958349318209631
    },
    "prod4": {
      "dice": 0.9705862135913006,
      "biou": 0.7524669915862758,
      "hd95": 2.235294117647059,
      "assd": 0.8417927537597691
    },
    "prod5": {
      "dice": 0.9492516409645172,
      "biou": 0.7007411222916352,
      "hd95": 3.195514560111519,
      "assd": 1.2639033951564915
    }
  },
  "in_sample": {
    "prod1": {
      "dice": 0.9678022078308737,
      "biou": 0.7471989146457942,
      "hd95": 2.118033988749895,
      "assd": 0.8596743021499014
    },
    "prod2": {
      "dice": 0.9515628709862041,
      "biou": 0.652845781538075,
      "hd95": 3.0,
      "assd": 1.2372702975516443
    },
    "prod3": {
      "dice": 0.9680698959799852,
      "biou": 0.7673671242207762,
      "hd95": 2.0,
      "assd": 0.7755118085789525
    },
    "prod4": {
      "dice": 0.9708801424609397,
      "biou": 0.749917313678895,
      "hd95": 2.5,
      "assd": 0.8471158490979955
    },
    "prod5": {
      "dice": 0.970812226872113,
      "biou": 0.7705760481155515,
      "hd95": 2.0,
      "assd": 0.7607916071053317
    }
  },
  "zero_shot_mean": {
    "dice": 0.9553397641662682,
    "biou": 0.6990040767134784,
    "hd95": 3.2737642553067174,
    "assd": 1.177450877442681
  },
  "zero_shot_dice_std": 0.012605714163354438,
  "in_sample_mean": {
    "dice": 0.965825468826023,
    "biou": 0.7375810364398184,
    "hd95": 2.323606797749979,
    "assd": 0.8960727728967651
  },
  "caida": {
    "prod1": 0.0074,
    "prod2": 0.0174,
    "prod3": 0.0057,
    "prod4": 0.0003,
    "prod5": 0.0216
  },
  "caida_media_dice": 0.0105,
  "models": {
    "in_sample": "models/lopo_insample.pt",
    "zero_shot": {
      "prod1": "models/lopo_zeroshot_prod1.pt",
      "prod2": "models/lopo_zeroshot_prod2.pt",
      "prod3": "models/lopo_zeroshot_prod3.pt",
      "prod4": "models/lopo_zeroshot_prod4.pt",
      "prod5": "models/lopo_zeroshot_prod5.pt"
    }
  }
}